<?xml version="1.0" encoding="UTF-8"?>
<!DOCTYPE mapper PUBLIC "-//mybatis.org//DTD Mapper 3.0//EN" "http://mybatis.org/dtd/mybatis-3-mapper.dtd">
<mapper namespace="com.iss.okair.db.mapper.AssetsPermanentMapper">

	<resultMap type="com.iss.okair.db.entity.AssetsPermanent" id="BaseResultMap">
		<id column="id" property="id" jdbcType="VARCHAR" />
		<result column="assetsCode" property="assetscode" jdbcType="VARCHAR" />
		<result column="assetsType" property="assetstype" jdbcType="INTEGER" />
		<result column="city" property="city" jdbcType="VARCHAR" />
		<result column="address" property="address" jdbcType="VARCHAR" />
		<result column="scale" property="scale" jdbcType="INTEGER" />
		<result column="util" property="util" jdbcType="VARCHAR" />
		<result column="area" property="area" jdbcType="DECIMAL" />
		<result column="equityType" property="equitytype" jdbcType="INTEGER" />
		<result column="namecn" property="namecn" jdbcType="VARCHAR" />
		<result column="createdate" property="createdate" jdbcType="TIMESTAMP" />
		<result column="createuser" property="createuser" jdbcType="VARCHAR" />
		<result column="comment" property="comment" jdbcType="VARCHAR" />
	</resultMap>

	<sql id="Base_Column_List">
		id,assetscode,assetstype,city,address,scale,util,area,equitytype,namecn,createdate,createuser,comment
	</sql>
	<select id="selectByPrimaryKey" parameterType="java.lang.String" resultMap="BaseResultMap">
    select 
    <include refid="Base_Column_List" />
    from assets_permanent
    where id = #{id,jdbcType=VARCHAR}
  </select>
	<select id="countAll" resultType="java.lang.Integer">
		select count(*) from assets_permanent
	</select>
	<select id="selectByExample" parameterType="com.iss.okair.model.AssetsPermanentModel"
		resultMap="BaseResultMap">
		select
		<include refid="Base_Column_List"></include>
		from assets_permanent
		<where>
			<choose>
				<when
					test="(assetsType2 == null or assetsType2 == '-1') and assetsType1 != '-1' and assetsType1 != null">
					and assetsType in (select id from category where parentId =
					#{assetsType1,jdbcType=VARCHAR})
				</when>
				<when test="assetsType2 != null and assetsType2 !='-1'">
					and assetsType = #{assetsType2,jdbcType=VARCHAR}
				</when>
			</choose>
			<if test="assetsNameCn != null and assetsNameCn !=''">
				<bind name="namecn" value="'%'+assetsNameCn+'%'" />
				and namecn like '${namecn}'
			</if>
			<if test="assetsCode != null and assetsCode !=''">
				<bind name="assetsCode" value="'%'+assetsCode+'%'" />
				and assetsCode like '${assetsCode}'
			</if>
			<if test="address !=null and address !='' ">
				<bind name="address" value="'%'+address+'%'" />
				and address like '${address}'
			</if>
			<if test="city != null and city != '-1' ">
				<bind name="city" value="'%'+city+'%'" />
				and city like '${city}'
			</if>
			<if test="util !=null and util != '' ">
				<bind name="util" value="'%'+util+'%'" />
				and util like '${util}'
			</if>
			<if test="equityType !=null and equityType != '-1' ">

				and equityType =#{equityType,jdbcType=VARCHAR}
			</if>
		</where>
	</select>

	<insert id="insertSelective" parameterType="com.iss.okair.db.entity.AssetsPermanent">
		insert into assets_permanent
		<trim prefix="(" suffix=")" suffixOverrides=",">
			<if test="id != null">
				id,
			</if>
			<if test="assetscode != null">
				assetsCode,
			</if>
			<if test="assetstype != null">
				assetsType,
			</if>
			<if test="city != null">
				city,
			</if>
			<if test="address != null">
				address,
			</if>
			<if test="scale != null">
				scale,
			</if>
			<if test="util != null">
				util,
			</if>
			<if test="area != null">
				area,
			</if>
			<if test="equitytype != null">
				equityType,
			</if>
			<if test="namecn != null">
				nameCn,
			</if>
			<if test="createdate != null">
				createDate,
			</if>
			<if test="createuser != null">
				createUser,
			</if>
			<if test="comment != null">
				comment,
			</if>
		</trim>
		<trim prefix="values(" suffix=")" suffixOverrides=",">
			<if test="id != null">
				#{id,jdbcType=VARCHAR},
			</if>
			<if test="assetscode != null">
				#{assetscode,jdbcType=VARCHAR},
			</if>
			<if test="assetstype != null">
				#{assetstype,jdbcType=INTEGER},
			</if>
			<if test="city != null">
				#{city,jdbcType=VARCHAR},
			</if>
			<if test="address != null">
				#{address,jdbcType=VARCHAR},
			</if>
			<if test="scale != null">
				#{scale,jdbcType=INTEGER},
			</if>
			<if test="util != null">
				#{util,jdbcType=VARCHAR},
			</if>
			<if test="area != null">
				#{area,jdbcType=DECIMAL},
			</if>
			<if test="equitytype != null">
				#{equitytype,jdbcType=INTEGER},
			</if>
			<if test="namecn != null">
				#{namecn,jdbcType=VARCHAR},
			</if>
			<if test="createdate != null">
				#{createdate,jdbcType=TIMESTAMP},
			</if>
			<if test="createuser != null">
				#{createuser,jdbcType=VARCHAR},
			</if>
			<if test="comment != null">
				#{comment,jdbcType=VARCHAR},
			</if>
		</trim>
	</insert>
	<update id="updateByPrimaryKeySelective" parameterType="com.iss.okair.db.entity.AssetsPermanent">
		update assets_permanent
		<set>
			<if test="assetscode != null">
				assetscode=#{assetscode,jdbcType=VARCHAR},
			</if>
			<if test="assetstype != null">
				assetstype=#{assetstype,jdbcType=INTEGER},
			</if>
			<if test="city != null">
				city=#{city,jdbcType=VARCHAR},
			</if>
			<if test="address != null">
				address=#{address,jdbcType=VARCHAR},
			</if>
			<if test="scale != null">
				scale=#{scale,jdbcType=INTEGER},
			</if>
			<if test="util != null">
				util=#{util,jdbcType=VARCHAR},
			</if>
			<if test="area != null">
				area=#{area,jdbcType=DECIMAL},
			</if>
			<if test="equitytype != null">
				equitytype=#{equitytype,jdbcType=INTEGER},
			</if>
			<if test="namecn != null">
				namecn=#{namecn,jdbcType=VARCHAR},
			</if>
			<if test="createdate != null">
				createdate=#{createdate,jdbcType=TIMESTAMP},
			</if>
			<if test="createuser != null">
				createuser=#{createuser,jdbcType=VARCHAR},
			</if>
			<if test="comment != null">
				comment=#{comment,jdbcType=VARCHAR},
			</if>
		</set>
		where id= #{id,jdbcType=VARCHAR}

	</update>
</mapper>