<?xml version="1.0" encoding="UTF-8"?>
<!DOCTYPE mapper PUBLIC "-//mybatis.org//DTD Mapper 3.0//EN" "http://mybatis.org/dtd/mybatis-3-mapper.dtd">
<mapper namespace="com.iss.okair.db.mapper.SysUserMapper">

<resultMap type="com.iss.okair.db.entity.SysUser" id="BaseResultMap">
<id column="id" property="id" jdbcType="INTEGER"></id>
<result column="uid" property="uid" jdbcType="VARCHAR"/>
<result column="pwd" property="pwd" jdbcType="VARCHAR"/>
<result column="nickName" property="nickName" jdbcType="VARCHAR"/>
<result column="role" property="role" jdbcType="VARCHAR"/>
<result column="createTime" property="createTime" jdbcType="TIMESTAMP"/>
</resultMap>

<sql id="Base_column_list">
id,uid,pwd,nickName,role,createTime
</sql>

<select id="loginCheck" parameterType="com.iss.okair.db.entity.SysUser" resultMap="BaseResultMap">
select
<include refid="Base_column_list"></include>
from sysuser
where uid= #{uid,jdbcType=VARCHAR}
and pwd= #{pwd,jdbcType=VARCHAR}
</select>

<select id="selectByExample" parameterType="com.iss.okair.db.entity.SysUser" resultMap="BaseResultMap">
select
<include refid="Base_column_list"></include>
from sysuser
<where>
	<if test="uid != null and uid != ''">
	<bind name="uid" value="'%'+uid+'%'"/>
	and uid like '${uid}'
	</if>
	<if test="role != null and role != '-1'">
	and role = #{role,jdbcType=VARCHAR}
	</if>
</where>
</select>

</mapper>