<?xml version="1.0" encoding="UTF-8"?>
<!DOCTYPE generatorConfiguration PUBLIC "-//mybatis.org//DTD MyBatis Generator Configuration 1.0//EN" "http://mybatis.org/dtd/mybatis-generator-config_1_0.dtd">
<generatorConfiguration>

	<context id="context1">
		<commentGenerator>
			<property name="suppressAllComments" value="true" />
			<property name="suppressDate" value="true" />
		</commentGenerator>
		<jdbcConnection connectionURL="jdbc:mysql://127.0.0.1:3306/okair"
			driverClass="com.mysql.jdbc.Driver" password="root" userId="root" />
		
		<javaTypeResolver>
            <property name="forceBigDecimals" value="false" />
        </javaTypeResolver>
		<javaModelGenerator targetPackage="com.iss.okair.db.entity"
			targetProject="OKAir/src/main/java" >
			<property name="enableSubPackages" value="false"/>
            <property name="trimStrings" value="true"/>
		</javaModelGenerator>
		<sqlMapGenerator targetPackage="com.iss.okair.db.mapper"
			targetProject="OKAir/src/main/resources" >
			<property name="enableSubPackages" value="false"/>
		</sqlMapGenerator>
		<javaClientGenerator targetPackage="com.iss.okair.db.mapper"
			targetProject="OKAir/src/main/java" type="XMLMAPPER" >
			<property name="enableSubPackages" value="false"/>
		</javaClientGenerator>
		<table tableName="%" enableCountByExample="false" enableDeleteByExample="false"
               enableSelectByExample="false" enableUpdateByExample="false"></table>
	</context>
</generatorConfiguration>